order_id,order_date,product_name,category,price,discount_price,units_sold,rating,region
ORD0001,2024-05-12,Laptop,Electronics,807.6,734.92,18,4,North
ORD0002,2024-08-04,Mixer,Home,482.23,337.56,12,3,South
ORD0003,2023-10-14,Comics,Books,1493.19,1239.35,4,1,East
ORD0004,2023-06-25,Smartwatch,Electronics,1388.01,1263.09,1,5,West
ORD0005,2024-06-08,Mixer,Home,888.38,675.17,12,4,North
ORD0006,2023-08-07,Biography,Books,894.24,733.28,10,4,North
ORD0007,2024-10-04,Science Book,Books,268.5,225.54,6,4,South
ORD0008,2024-11-22,Headphones,Electronics,1310.33,1100.68,15,4,North
ORD0009,2023-11-13,Headphones,Electronics,1871.12,1422.05,12,1,North
ORD0010,2024-03-23,Comics,Books,1368.86,1231.97,8,2,South
ORD0011,2023-03-28,Air Purifier,Home,305.57,244.46,15,1,East
ORD0012,2024-05-28,Jeans,Clothing,1237.07,1002.03,14,2,West
ORD0013,2023-05-04,Mixer,Home,557.41,401.34,13,2,West
ORD0014,2023-08-08,Comics,Books,587.63,511.24,19,1,North
ORD0015,2024-12-09,Air Purifier,Home,1640.87,1378.33,7,2,South
ORD0016,2023-10-05,Headphones,Electronics,1545.35,1298.09,14,2,South
ORD0017,2023-09-27,T-Shirt,Clothing,690.02,517.51,14,1,West
ORD0018,2024-02-22,Jeans,Clothing,269.27,218.11,18,2,North
ORD0019,2024-06-18,Smartwatch,Electronics,1217.35,973.88,15,1,East
ORD0020,2023-08-13,T-Shirt,Clothing,1486.61,1144.69,7,4,West
ORD0021,2024-11-17,T-Shirt,Clothing,1653.62,1422.11,9,2,North
ORD0022,2023-10-28,Jeans,Clothing,1382.58,1175.19,15,5,North
ORD0023,2023-07-15,T-Shirt,Clothing,730.68,526.09,19,5,West
ORD0024,2024-04-03,Mixer,Home,1134.96,907.97,5,2,East
ORD0025,2023-05-10,Air Purifier,Home,220.59,180.88,17,3,East
ORD0026,2023-09-30,Smartphone,Electronics,604.49,423.14,9,5,West
ORD0027,2024-12-17,Air Purifier,Home,1065.43,990.85,9,4,North
ORD0028,2024-01-25,Sneakers,Clothing,1590.47,1479.14,8,2,South
ORD0029,2024-12-12,Science Book,Books,1348.87,1240.96,4,1,East
ORD0030,2024-02-05,Smartphone,Electronics,1549.92,1115.94,18,3,West
ORD0031,2024-12-02,Sneakers,Clothing,1748.78,1503.95,11,2,East
ORD0032,2023-07-06,Comics,Books,1036.53,870.69,11,4,North
ORD0033,2024-06-26,Fiction Novel,Books,859.1,704.46,19,1,West
ORD0034,2023-01-02,Jeans,Clothing,248.64,183.99,4,1,East
ORD0035,2024-12-30,Biography,Books,1367.67,1094.14,9,4,East
ORD0036,2024-09-30,Vacuum Cleaner,Home,1038.47,737.31,1,4,North
ORD0037,2023-07-23,Comics,Books,834.48,617.52,6,3,North
ORD0038,2023-06-07,Mixer,Home,1869.69,1645.33,20,2,West
ORD0039,2024-10-09,Fiction Novel,Books,1095.7,821.78,5,1,West
ORD0040,2023-06-10,Biography,Books,1520.05,1413.65,12,1,South
ORD0041,2023-10-19,Smartphone,Electronics,684.09,615.68,7,4,West
ORD0042,2024-12-31,Air Purifier,Home,1930.81,1525.34,2,5,East
ORD0043,2024-08-16,Comics,Books,314.84,232.98,16,5,South
ORD0044,2024-04-12,T-Shirt,Clothing,958.62,776.48,18,3,North
ORD0045,2023-06-09,Laptop,Electronics,1937.7,1395.14,5,1,North
ORD0046,2023-02-06,Headphones,Electronics,538.74,387.89,2,5,South
ORD0047,2024-04-04,Comics,Books,1133.97,963.87,5,5,West
ORD0048,2023-05-03,Mixer,Home,1548.66,1146.01,10,2,West
ORD0049,2023-06-29,Headphones,Electronics,229.96,193.17,5,2,South
ORD0050,2024-02-22,T-Shirt,Clothing,1429.84,1072.38,11,2,South
ORD0051,2023-07-01,Vacuum Cleaner,Home,467.34,383.22,1,3,West
ORD0052,2024-07-04,Smartphone,Electronics,992.85,804.21,16,5,East
ORD0053,2024-06-14,T-Shirt,Clothing,1592.09,1194.07,14,2,West
ORD0054,2023-11-16,Jacket,Clothing,578.21,416.31,16,3,South
ORD0055,2023-06-19,Laptop,Electronics,291.71,204.2,3,2,North
ORD0056,2024-03-07,Vacuum Cleaner,Home,579.43,434.57,18,5,North
ORD0057,2023-06-23,Jacket,Clothing,1955.36,1427.41,14,3,North
ORD0058,2024-12-03,Biography,Books,173.85,144.3,2,5,East
ORD0059,2023-08-08,Laptop,Electronics,1559.4,1185.14,4,4,West
ORD0060,2023-09-24,Science Book,Books,1250.74,900.53,17,2,West
ORD0061,2024-02-15,Headphones,Electronics,303.9,258.31,19,3,West
ORD0062,2024-10-25,Sneakers,Clothing,984.64,699.09,12,5,East
ORD0063,2024-07-25,T-Shirt,Clothing,1102.87,926.41,16,5,South
ORD0064,2023-05-08,Comics,Books,1932.33,1449.25,19,1,North
ORD0065,2023-08-10,Fiction Novel,Books,1853.0,1741.82,16,4,South
ORD0066,2023-06-08,Laptop,Electronics,264.82,238.34,18,2,West
ORD0067,2024-07-11,Smartwatch,Electronics,1783.75,1337.81,7,5,South
ORD0068,2024-02-09,T-Shirt,Clothing,137.32,124.96,9,2,East
ORD0069,2023-08-07,Comics,Books,1213.45,861.55,17,3,South
ORD0070,2024-03-16,Headphones,Electronics,590.6,502.01,7,2,North
ORD0071,2023-12-13,Mixer,Home,1513.0,1225.53,10,1,East
ORD0072,2023-12-07,Vacuum Cleaner,Home,835.54,601.59,4,3,West
ORD0073,2023-07-09,Smartphone,Electronics,593.07,415.15,20,5,East
ORD0074,2024-10-09,Biography,Books,1079.11,1014.36,1,5,South
ORD0075,2024-08-04,Sneakers,Clothing,1323.19,1190.87,5,1,West
ORD0076,2024-10-11,Smartwatch,Electronics,1793.56,1398.98,7,3,East
ORD0077,2023-11-12,Smartwatch,Electronics,1224.66,881.76,4,5,East
ORD0078,2024-01-18,Smartphone,Electronics,1446.16,1142.47,13,2,West
ORD0079,2024-03-21,Smartwatch,Electronics,1850.76,1573.15,18,2,West
ORD0080,2023-06-24,Air Purifier,Home,615.8,566.54,8,4,South
ORD0081,2023-07-31,Sneakers,Clothing,1375.15,1182.63,12,1,East
ORD0082,2023-02-23,Biography,Books,1035.04,817.68,2,5,West
ORD0083,2024-07-20,Science Book,Books,1752.22,1226.55,13,5,East
ORD0084,2023-07-07,Jacket,Clothing,1533.4,1211.39,3,1,North
ORD0085,2023-04-08,Air Purifier,Home,243.33,180.06,17,5,North
ORD0086,2024-12-24,Biography,Books,889.53,827.26,20,1,South
ORD0087,2023-07-25,Smartwatch,Electronics,478.39,358.79,19,3,West
ORD0088,2023-10-28,Smartphone,Electronics,861.73,603.21,15,1,West
ORD0089,2023-07-25,Air Purifier,Home,293.06,243.24,19,3,East
ORD0090,2024-08-25,Comics,Books,842.23,665.36,13,1,West
ORD0091,2024-12-29,Vacuum Cleaner,Home,1482.36,1289.65,11,3,West
ORD0092,2024-09-14,Science Book,Books,1322.61,1150.67,9,3,South
ORD0093,2023-11-24,Air Purifier,Home,870.46,618.03,2,2,South
ORD0094,2023-12-15,Headphones,Electronics,688.12,571.14,18,2,North
ORD0095,2024-08-21,Laptop,Electronics,1745.37,1361.39,3,1,East
ORD0096,2024-03-19,Fiction Novel,Books,422.66,300.09,12,1,West
ORD0097,2024-06-02,Comics,Books,1212.73,1067.2,1,5,South
ORD0098,2023-09-22,Science Book,Books,133.38,125.38,1,2,South
ORD0099,2023-07-14,Sneakers,Clothing,367.75,286.85,16,5,East
ORD0100,2023-01-22,Mixer,Home,516.24,485.27,17,5,North
ORD0101,2023-09-17,Air Purifier,Home,285.54,242.71,6,2,South
ORD0102,2024-10-04,Smartwatch,Electronics,298.81,227.1,8,4,West
ORD0103,2023-11-14,Smartphone,Electronics,1883.32,1694.99,6,5,South
ORD0104,2024-11-17,Mixer,Home,565.77,424.33,16,5,South
ORD0105,2023-02-24,Sneakers,Clothing,1359.42,1087.54,10,4,South
ORD0106,2023-05-11,Mixer,Home,939.49,883.12,3,1,East
ORD0107,2023-09-26,Headphones,Electronics,1175.41,1034.36,20,1,South
ORD0108,2023-01-07,Laptop,Electronics,969.45,872.51,10,5,West
ORD0109,2023-06-10,Mixer,Home,761.19,608.95,9,5,West
ORD0110,2023-03-01,Sneakers,Clothing,852.43,801.28,10,2,North
ORD0111,2023-02-10,Mixer,Home,1522.61,1309.44,6,1,North
ORD0112,2024-06-27,Jeans,Clothing,1218.31,938.1,9,2,North
ORD0113,2023-03-21,Fiction Novel,Books,943.45,735.89,16,5,West
ORD0114,2024-12-27,Jeans,Clothing,801.81,609.38,19,5,East
ORD0115,2024-01-14,Comics,Books,627.95,571.43,15,4,East
ORD0116,2023-01-17,T-Shirt,Clothing,1390.11,1167.69,18,3,North
ORD0117,2024-09-03,Air Purifier,Home,267.48,222.01,17,1,East
ORD0118,2023-07-24,T-Shirt,Clothing,1278.16,1022.53,1,3,East
ORD0119,2024-11-01,Comics,Books,790.37,671.81,18,1,North
ORD0120,2023-05-21,Biography,Books,424.71,335.52,18,4,East
ORD0121,2024-05-17,Comics,Books,1755.61,1439.6,20,1,North
ORD0122,2023-09-03,Air Purifier,Home,1257.53,1081.48,17,2,West
ORD0123,2024-07-07,Sneakers,Clothing,1517.03,1304.65,2,2,East
ORD0124,2023-04-18,Jacket,Clothing,1959.85,1567.88,5,3,South
ORD0125,2023-02-17,Sneakers,Clothing,1326.11,1034.37,12,4,East
ORD0126,2023-07-03,Jacket,Clothing,1455.89,1048.24,3,4,East
ORD0127,2023-07-26,Mixer,Home,1273.9,1095.55,13,3,North
ORD0128,2024-03-21,Smartphone,Electronics,1873.5,1386.39,17,4,North
ORD0129,2024-11-21,Comics,Books,1718.5,1254.5,18,2,South
ORD0130,2024-03-05,T-Shirt,Clothing,878.03,816.57,16,5,South
ORD0131,2024-03-25,Jeans,Clothing,1726.02,1277.25,19,3,South
ORD0132,2024-03-01,Laptop,Electronics,855.64,795.75,20,3,East
ORD0133,2023-05-06,Science Book,Books,1477.71,1049.17,17,4,South
ORD0134,2024-02-21,Air Purifier,Home,911.71,847.89,14,4,North
ORD0135,2024-10-04,Biography,Books,865.84,727.31,20,3,North
ORD0136,2023-01-11,Biography,Books,1481.18,1377.5,13,1,West
ORD0137,2023-08-28,Science Book,Books,1657.6,1524.99,15,3,East
ORD0138,2024-03-01,Blender,Home,1368.26,1121.97,18,1,West
ORD0139,2024-12-27,Science Book,Books,1134.55,1055.13,4,4,West
ORD0140,2024-06-23,Headphones,Electronics,507.52,360.34,4,2,West
ORD0141,2023-08-16,Science Book,Books,1600.97,1440.87,10,5,East
ORD0142,2024-09-17,Comics,Books,1366.51,1120.54,8,2,South
ORD0143,2024-09-04,Vacuum Cleaner,Home,1651.47,1304.66,17,5,East
ORD0144,2024-04-17,Vacuum Cleaner,Home,311.33,270.86,7,1,West
ORD0145,2024-12-29,Fiction Novel,Books,1838.68,1323.85,2,2,West
ORD0146,2024-02-26,Biography,Books,1041.9,916.87,11,2,South
ORD0147,2024-01-01,Air Purifier,Home,1787.76,1591.11,13,2,South
ORD0148,2023-12-10,Biography,Books,683.91,526.61,4,1,West
ORD0149,2023-06-03,Fiction Novel,Books,1143.56,983.46,8,2,South
ORD0150,2024-11-15,Blender,Home,1525.56,1098.4,16,2,South
ORD0151,2023-08-23,Headphones,Electronics,173.85,121.69,13,4,East
ORD0152,2024-09-23,Jeans,Clothing,1420.89,1008.83,11,1,South
ORD0153,2023-06-29,Jeans,Clothing,1616.49,1390.18,6,3,North
ORD0154,2024-11-07,T-Shirt,Clothing,238.26,195.37,6,2,West
ORD0155,2024-01-21,Biography,Books,373.28,347.15,17,1,South
ORD0156,2024-05-16,Fiction Novel,Books,744.18,677.2,7,4,North
ORD0157,2024-04-29,Jacket,Clothing,1062.32,839.23,9,5,West
ORD0158,2024-05-31,Biography,Books,109.88,102.19,3,3,North
ORD0159,2023-12-03,Fiction Novel,Books,1111.82,922.81,13,2,North
ORD0160,2023-10-10,T-Shirt,Clothing,1069.6,791.5,7,5,East
ORD0161,2023-09-04,Mixer,Home,431.49,366.77,1,5,South
ORD0162,2024-02-28,Blender,Home,434.7,408.62,10,3,North
ORD0163,2023-07-16,Laptop,Electronics,440.06,413.66,15,5,South
ORD0164,2023-05-13,Science Book,Books,410.15,324.02,12,2,North
ORD0165,2024-01-16,Blender,Home,487.49,453.37,3,3,West
ORD0166,2024-06-18,Smartphone,Electronics,1114.18,913.63,12,2,North
ORD0167,2024-12-09,Biography,Books,1379.52,1145.0,11,1,East
ORD0168,2024-02-14,Fiction Novel,Books,1349.69,985.27,16,5,East
ORD0169,2023-11-24,Science Book,Books,1199.02,875.28,12,4,West
ORD0170,2023-05-20,Biography,Books,653.6,483.66,1,5,West
ORD0171,2023-09-13,T-Shirt,Clothing,1151.56,990.34,13,2,North
ORD0172,2023-04-08,Smartwatch,Electronics,1258.64,1170.54,17,2,West
ORD0173,2023-02-14,Air Purifier,Home,1930.26,1389.79,19,1,East
ORD0174,2023-03-04,Vacuum Cleaner,Home,409.56,294.88,6,4,East
ORD0175,2023-01-16,Smartphone,Electronics,1240.01,1066.41,19,4,North
ORD0176,2024-07-02,Comics,Books,704.89,521.62,14,5,West
ORD0177,2023-11-07,Headphones,Electronics,836.58,610.7,6,3,North
ORD0178,2023-09-12,Fiction Novel,Books,1461.45,1139.93,14,2,East
ORD0179,2023-06-01,Smartwatch,Electronics,960.6,864.54,2,3,East
ORD0180,2023-08-11,Smartphone,Electronics,572.1,463.4,1,4,North
ORD0181,2024-05-28,Biography,Books,1060.1,922.29,5,1,East
ORD0182,2024-08-30,Smartphone,Electronics,1717.09,1425.18,19,3,West
ORD0183,2024-06-26,Science Book,Books,1502.73,1081.97,6,3,North
ORD0184,2023-08-13,Air Purifier,Home,1342.46,1261.91,7,2,East
ORD0185,2024-02-15,Smartphone,Electronics,785.55,714.85,13,1,South
ORD0186,2023-04-04,T-Shirt,Clothing,215.18,152.78,11,2,West
ORD0187,2023-09-06,Fiction Novel,Books,182.79,142.58,15,4,North
ORD0188,2024-02-13,Laptop,Electronics,937.21,702.91,11,2,North
ORD0189,2024-09-14,Smartphone,Electronics,1196.2,885.19,11,3,East
ORD0190,2024-11-07,Jeans,Clothing,1149.01,1022.62,13,4,East
ORD0191,2024-07-04,Smartwatch,Electronics,1184.66,935.88,18,5,North
ORD0192,2023-03-21,Biography,Books,1342.17,952.94,5,3,West
ORD0193,2023-07-28,Blender,Home,1701.27,1548.16,9,5,South
ORD0194,2024-10-04,Biography,Books,215.74,166.12,19,1,South
ORD0195,2024-02-17,Fiction Novel,Books,335.8,315.65,8,5,West
ORD0196,2023-03-15,Blender,Home,206.85,159.27,20,2,West
ORD0197,2023-03-05,Comics,Books,432.58,337.41,10,1,West
ORD0198,2023-08-03,Smartphone,Electronics,1881.79,1693.61,9,4,East
ORD0199,2023-12-24,Fiction Novel,Books,306.3,235.85,7,5,West
ORD0200,2023-12-20,Comics,Books,1979.3,1563.65,16,2,North
ORD0201,2023-10-10,Sneakers,Clothing,231.75,201.62,3,5,East
ORD0202,2023-01-07,Smartphone,Electronics,217.61,191.5,3,1,North
ORD0203,2024-09-10,Blender,Home,576.12,437.85,18,4,West
ORD0204,2023-09-03,Jeans,Clothing,755.22,687.25,4,4,West
ORD0205,2023-10-22,Air Purifier,Home,310.03,241.82,8,3,West
ORD0206,2024-09-26,T-Shirt,Clothing,1301.1,1197.01,17,1,West
ORD0207,2024-02-13,Sneakers,Clothing,829.44,655.26,17,5,South
ORD0208,2023-05-14,Blender,Home,626.74,457.52,10,5,South
ORD0209,2023-04-06,Smartwatch,Electronics,219.69,208.71,5,2,South
ORD0210,2023-11-19,Air Purifier,Home,1634.4,1389.24,2,4,West
ORD0211,2024-12-01,Comics,Books,704.87,507.51,17,2,West
ORD0212,2023-04-04,Fiction Novel,Books,203.77,175.24,14,1,East
ORD0213,2024-10-20,Laptop,Electronics,491.08,441.97,3,5,North
ORD0214,2024-04-23,Laptop,Electronics,1528.42,1146.32,9,1,West
ORD0215,2024-09-19,Blender,Home,1672.17,1471.51,4,2,East
ORD0216,2024-09-01,Air Purifier,Home,1891.87,1418.9,6,3,West
ORD0217,2023-08-06,Jeans,Clothing,1676.87,1458.88,14,5,East
ORD0218,2024-10-30,Vacuum Cleaner,Home,803.71,691.19,18,5,East
ORD0219,2024-12-20,Jeans,Clothing,1610.13,1175.39,18,2,North
ORD0220,2023-02-22,T-Shirt,Clothing,1008.0,725.76,1,5,East
ORD0221,2023-08-06,Blender,Home,1538.05,1384.24,17,1,North
ORD0222,2023-04-02,Smartphone,Electronics,1994.2,1774.84,6,1,West
ORD0223,2024-08-25,Laptop,Electronics,1116.69,848.68,10,2,West
ORD0224,2023-08-24,Blender,Home,354.04,276.15,11,3,North
ORD0225,2023-07-23,Air Purifier,Home,1083.48,975.13,13,2,West
ORD0226,2023-06-14,Blender,Home,858.7,669.79,12,5,East
ORD0227,2024-06-18,Science Book,Books,1394.19,1310.54,2,3,North
ORD0228,2023-09-26,Laptop,Electronics,570.0,467.4,3,5,East
ORD0229,2023-08-19,Smartwatch,Electronics,1824.88,1478.15,18,1,South
ORD0230,2023-12-18,Jacket,Clothing,1381.44,1201.85,12,4,East
ORD0231,2023-08-23,Biography,Books,840.56,672.45,14,1,West
ORD0232,2024-03-01,Smartphone,Electronics,623.93,542.82,12,3,South
ORD0233,2024-11-16,Laptop,Electronics,1698.07,1426.38,6,4,East
ORD0234,2023-08-07,Mixer,Home,1850.71,1684.15,1,1,South
ORD0235,2024-10-15,Sneakers,Clothing,1493.16,1209.46,16,2,South
ORD0236,2023-01-09,Science Book,Books,318.59,251.69,6,5,South
ORD0237,2023-05-04,Science Book,Books,1234.75,963.11,10,2,West
ORD0238,2024-12-19,Sneakers,Clothing,1073.56,772.96,10,5,North
ORD0239,2024-02-28,Air Purifier,Home,612.48,508.36,3,3,South
ORD0240,2024-12-23,Smartphone,Electronics,1047.44,921.75,11,2,South
ORD0241,2024-04-26,Mixer,Home,218.89,181.68,14,3,North
ORD0242,2023-01-25,Smartphone,Electronics,1592.81,1385.74,17,2,South
ORD0243,2024-12-07,Headphones,Electronics,419.92,314.94,15,4,North
ORD0244,2024-07-02,Vacuum Cleaner,Home,579.03,544.29,10,3,South
ORD0245,2024-10-10,Smartphone,Electronics,1442.81,1255.24,10,4,North
ORD0246,2023-09-20,Smartphone,Electronics,755.89,687.86,5,5,South
ORD0247,2023-11-29,Jeans,Clothing,947.02,786.03,18,4,West
ORD0248,2023-10-30,Laptop,Electronics,1572.4,1305.09,11,5,West
ORD0249,2024-03-11,Biography,Books,888.53,764.14,12,1,South
ORD0250,2024-05-24,Fiction Novel,Books,1263.7,1023.6,12,2,South
ORD0251,2023-04-09,Smartwatch,Electronics,1351.63,1054.27,16,1,South
ORD0252,2024-12-14,Smartphone,Electronics,1223.0,1039.55,14,2,West
ORD0253,2024-02-09,Jeans,Clothing,1126.33,1013.7,19,5,South
ORD0254,2024-12-20,Science Book,Books,1921.18,1805.91,14,2,North
ORD0255,2024-07-14,Jeans,Clothing,760.96,684.86,18,2,North
ORD0256,2023-06-30,Vacuum Cleaner,Home,1063.43,797.57,14,5,East
ORD0257,2024-07-11,Jacket,Clothing,1334.43,1160.95,5,5,South
ORD0258,2024-07-27,Science Book,Books,464.83,404.4,4,1,East
ORD0259,2023-03-28,Laptop,Electronics,1313.82,1182.44,12,4,North
ORD0260,2023-09-21,Vacuum Cleaner,Home,978.66,724.21,15,2,South
ORD0261,2023-05-30,Jeans,Clothing,644.12,489.53,13,3,East
ORD0262,2023-09-18,Mixer,Home,621.54,584.25,8,5,West
ORD0263,2024-05-22,T-Shirt,Clothing,1207.66,1062.74,19,4,East
ORD0264,2023-05-25,Comics,Books,1250.56,975.44,20,4,South
ORD0265,2024-06-04,Headphones,Electronics,115.36,85.37,2,4,North
ORD0266,2024-06-30,Air Purifier,Home,1162.06,1022.61,11,2,West
ORD0267,2024-08-27,Biography,Books,314.71,251.77,17,1,South
ORD0268,2024-02-29,Jeans,Clothing,1385.03,969.52,9,3,East
ORD0269,2024-07-05,Vacuum Cleaner,Home,383.59,318.38,15,2,North
ORD0270,2023-05-16,Blender,Home,637.13,477.85,18,4,East
ORD0271,2024-09-01,Smartwatch,Electronics,1167.88,1097.81,2,4,South
ORD0272,2023-10-02,Biography,Books,360.98,296.0,2,4,North
ORD0273,2023-08-27,Sneakers,Clothing,1001.31,861.13,11,3,North
ORD0274,2024-02-19,Headphones,Electronics,1845.06,1457.6,7,3,East
ORD0275,2023-08-19,Blender,Home,1425.6,1083.46,8,3,West
ORD0276,2023-09-22,Blender,Home,1668.6,1218.08,10,4,East
ORD0277,2023-06-26,Science Book,Books,1435.56,1004.89,11,2,North
ORD0278,2024-10-07,Comics,Books,456.23,360.42,4,4,West
ORD0279,2024-08-22,Jeans,Clothing,125.16,92.62,11,2,East
ORD0280,2024-03-23,Smartphone,Electronics,996.71,787.4,14,1,East
ORD0281,2024-12-09,Sneakers,Clothing,1631.06,1223.3,5,5,East
ORD0282,2024-04-21,Blender,Home,336.06,252.05,10,5,North
ORD0283,2023-06-07,Comics,Books,1335.21,1188.34,4,5,West
ORD0284,2023-01-15,Air Purifier,Home,287.04,264.08,19,2,West
ORD0285,2024-03-09,Headphones,Electronics,1352.57,973.85,13,3,South
ORD0286,2024-08-20,Headphones,Electronics,262.24,212.41,5,2,East
ORD0287,2023-02-15,Headphones,Electronics,1535.49,1197.68,6,4,West
ORD0288,2024-06-15,T-Shirt,Clothing,1409.76,1029.12,10,2,South
ORD0289,2023-10-21,Sneakers,Clothing,1441.93,1052.61,12,1,West
ORD0290,2023-12-10,Smartphone,Electronics,177.84,154.72,13,5,South
ORD0291,2024-03-09,Blender,Home,393.76,303.2,4,5,West
ORD0292,2023-09-08,Science Book,Books,650.93,488.2,5,5,North
ORD0293,2024-04-11,Blender,Home,1102.86,783.03,19,4,South
ORD0294,2023-12-22,Fiction Novel,Books,1400.54,1134.44,8,4,East
ORD0295,2023-11-30,Headphones,Electronics,1616.13,1438.36,3,1,North
ORD0296,2023-08-04,Sneakers,Clothing,1486.17,1114.63,1,5,South
ORD0297,2023-06-03,Air Purifier,Home,1799.92,1403.94,13,5,North
ORD0298,2023-06-18,Jacket,Clothing,1918.2,1611.29,5,4,West
ORD0299,2024-03-15,Headphones,Electronics,881.21,652.1,8,2,South
ORD0300,2024-05-21,Smartphone,Electronics,287.02,226.75,8,2,South
ORD0301,2024-09-11,Headphones,Electronics,1040.87,801.47,13,1,South
ORD0302,2023-10-09,T-Shirt,Clothing,1080.17,885.74,8,2,East
ORD0303,2023-11-29,Mixer,Home,255.11,206.64,7,2,West
ORD0304,2024-01-22,Fiction Novel,Books,572.5,543.88,10,1,South
ORD0305,2023-02-18,Comics,Books,1275.48,905.59,2,5,East
ORD0306,2023-10-02,Laptop,Electronics,224.97,159.73,2,3,South
ORD0307,2023-12-21,T-Shirt,Clothing,1996.9,1837.15,20,2,North
ORD0308,2023-04-05,Smartphone,Electronics,692.01,532.85,1,3,North
ORD0309,2023-02-24,Headphones,Electronics,1639.3,1327.83,5,5,West
ORD0310,2023-05-13,Science Book,Books,743.0,527.53,11,3,East
ORD0311,2024-02-08,Science Book,Books,1899.9,1367.93,9,5,East
ORD0312,2023-06-10,Jeans,Clothing,1082.74,898.67,5,2,South
ORD0313,2023-11-20,Science Book,Books,107.96,83.13,20,1,East
ORD0314,2023-02-12,Smartwatch,Electronics,524.6,487.88,10,1,East
ORD0315,2024-07-27,Blender,Home,1403.03,1318.85,20,1,South
ORD0316,2024-12-20,Vacuum Cleaner,Home,329.97,240.88,7,4,East
ORD0317,2023-09-10,Headphones,Electronics,809.45,582.8,4,2,North
ORD0318,2024-12-22,Comics,Books,117.58,95.24,9,1,North
ORD0319,2024-09-20,T-Shirt,Clothing,469.53,403.8,6,1,East
ORD0320,2023-04-14,Vacuum Cleaner,Home,1392.48,1239.31,10,2,East
ORD0321,2024-02-23,Jacket,Clothing,1322.15,938.73,7,4,East
ORD0322,2023-03-20,Mixer,Home,437.45,393.7,9,5,North
ORD0323,2024-07-06,Air Purifier,Home,748.61,666.26,9,1,North
ORD0324,2024-03-04,Air Purifier,Home,660.5,528.4,3,5,South
ORD0325,2023-02-16,Vacuum Cleaner,Home,1504.6,1143.5,3,5,West
ORD0326,2024-01-25,Biography,Books,981.24,726.12,14,2,East
ORD0327,2023-04-13,Science Book,Books,496.66,392.36,1,3,South
ORD0328,2023-09-14,Smartphone,Electronics,1642.15,1165.93,20,1,West
ORD0329,2024-06-23,Vacuum Cleaner,Home,1354.95,1260.1,11,3,East
ORD0330,2023-04-15,Blender,Home,578.8,428.31,19,1,East
ORD0331,2024-07-12,Science Book,Books,1279.2,1048.94,10,5,West
ORD0332,2024-02-04,Science Book,Books,597.35,424.12,8,5,South
ORD0333,2024-06-17,Smartphone,Electronics,1160.74,1091.1,5,1,South
ORD0334,2023-04-12,Blender,Home,1916.01,1781.89,17,5,East
ORD0335,2023-05-05,Mixer,Home,1458.04,1108.11,13,4,East
ORD0336,2024-08-11,Blender,Home,503.24,372.4,8,1,South
ORD0337,2024-10-09,Fiction Novel,Books,921.16,672.45,17,4,West
ORD0338,2023-06-07,Sneakers,Clothing,711.41,569.13,20,2,West
ORD0339,2024-01-28,Headphones,Electronics,419.63,314.72,20,4,South
ORD0340,2023-06-26,Blender,Home,973.88,905.71,7,4,East
ORD0341,2024-08-22,T-Shirt,Clothing,890.84,623.59,3,1,North
ORD0342,2024-05-23,Jeans,Clothing,627.15,457.82,19,5,West
ORD0343,2024-10-18,Science Book,Books,1432.87,1217.94,7,3,West
ORD0344,2023-07-23,Sneakers,Clothing,1875.92,1388.18,16,3,South
ORD0345,2024-03-19,Air Purifier,Home,695.92,535.86,10,2,West
ORD0346,2024-03-23,Air Purifier,Home,1111.62,944.88,18,5,North
ORD0347,2024-06-14,T-Shirt,Clothing,877.71,825.05,16,3,West
ORD0348,2024-07-13,T-Shirt,Clothing,1030.63,814.2,11,3,South
ORD0349,2024-01-17,Mixer,Home,1815.81,1670.55,9,5,South
ORD0350,2023-10-01,Laptop,Electronics,1102.48,793.79,18,3,East
ORD0351,2024-04-08,Smartwatch,Electronics,1035.64,880.29,12,4,North
ORD0352,2023-07-14,Jeans,Clothing,1724.62,1621.14,3,5,South
ORD0353,2023-10-30,Laptop,Electronics,1948.48,1500.33,4,4,West
ORD0354,2024-11-09,Sneakers,Clothing,849.58,628.69,9,1,North
ORD0355,2023-10-11,Science Book,Books,1046.24,962.54,16,3,East
ORD0356,2024-08-03,Mixer,Home,1182.94,899.03,14,3,East
ORD0357,2024-05-07,Comics,Books,1610.61,1240.17,18,2,South
ORD0358,2024-11-26,Mixer,Home,1859.46,1617.73,6,1,North
ORD0359,2023-11-03,Smartphone,Electronics,304.35,286.09,13,2,West
ORD0360,2024-01-30,Sneakers,Clothing,1819.82,1292.07,11,3,North
ORD0361,2024-11-25,Jacket,Clothing,1174.93,1010.44,19,5,North
ORD0362,2024-11-27,Headphones,Electronics,744.41,662.52,16,1,West
ORD0363,2024-07-20,Comics,Books,1808.3,1717.88,19,1,North
ORD0364,2024-02-27,Smartwatch,Electronics,1520.74,1429.5,18,3,West
ORD0365,2024-05-25,Vacuum Cleaner,Home,1669.17,1368.72,15,4,West
ORD0366,2023-12-09,Jacket,Clothing,1828.97,1719.23,6,3,South
ORD0367,2023-01-31,Sneakers,Clothing,291.56,236.16,20,2,East
ORD0368,2024-06-05,Fiction Novel,Books,1548.04,1439.68,14,2,East
ORD0369,2024-01-05,Biography,Books,255.43,212.01,2,5,South
ORD0370,2024-03-05,Mixer,Home,115.85,90.36,14,4,West
ORD0371,2024-02-25,Smartwatch,Electronics,957.52,718.14,12,2,North
ORD0372,2023-12-30,Jeans,Clothing,1735.55,1336.37,4,5,South
ORD0373,2024-05-21,Jeans,Clothing,819.56,590.08,18,5,East
ORD0374,2023-10-27,Vacuum Cleaner,Home,1893.63,1514.9,13,4,North
ORD0375,2024-04-07,Biography,Books,599.45,419.62,3,4,South
ORD0376,2024-11-04,Blender,Home,1760.0,1672.0,14,4,North
ORD0377,2023-10-13,Jacket,Clothing,295.76,207.03,19,4,East
ORD0378,2023-06-28,Comics,Books,1077.4,764.95,20,4,East
ORD0379,2023-03-14,T-Shirt,Clothing,1055.49,971.05,12,4,West
ORD0380,2024-07-22,T-Shirt,Clothing,1875.87,1388.14,8,1,East
ORD0381,2024-06-15,Vacuum Cleaner,Home,726.81,603.25,17,5,North
ORD0382,2024-04-09,Jeans,Clothing,817.3,653.84,1,5,East
ORD0383,2023-08-14,Jacket,Clothing,821.64,706.61,2,4,South
ORD0384,2024-07-11,Smartphone,Electronics,1735.41,1301.56,6,4,West
ORD0385,2023-10-19,Air Purifier,Home,1839.73,1490.18,11,3,South
ORD0386,2024-07-25,Blender,Home,1507.38,1160.68,14,4,West
ORD0387,2024-10-31,Smartphone,Electronics,556.91,445.53,5,1,North
ORD0388,2024-04-04,Comics,Books,365.61,318.08,16,5,West
ORD0389,2024-05-01,Vacuum Cleaner,Home,1424.5,1353.27,20,2,West
ORD0390,2024-06-07,Smartwatch,Electronics,414.57,385.55,17,5,West
ORD0391,2024-07-10,Jacket,Clothing,344.24,282.28,5,2,West
ORD0392,2023-02-17,Mixer,Home,1506.18,1355.56,7,2,East
ORD0393,2023-03-10,Fiction Novel,Books,1546.28,1407.11,6,1,South
ORD0394,2024-07-31,Mixer,Home,378.98,356.24,7,1,East
ORD0395,2024-07-11,Sneakers,Clothing,305.96,266.19,3,3,North
ORD0396,2023-05-21,Headphones,Electronics,1379.66,1227.9,16,2,West
ORD0397,2023-12-13,Blender,Home,743.57,684.08,2,2,East
ORD0398,2023-05-27,Jacket,Clothing,265.29,236.11,2,4,East
ORD0399,2024-05-19,Smartphone,Electronics,1203.83,878.8,18,4,North
ORD0400,2024-10-10,Sneakers,Clothing,1649.34,1484.41,12,2,East
ORD0401,2023-07-07,Sneakers,Clothing,451.96,325.41,12,1,West
ORD0402,2024-10-08,Comics,Books,220.0,160.6,2,1,North
ORD0403,2024-03-15,Mixer,Home,624.01,549.13,4,5,East
ORD0404,2023-12-04,Air Purifier,Home,159.08,147.94,9,3,East
ORD0405,2023-10-15,T-Shirt,Clothing,992.86,903.5,19,5,East
ORD0406,2024-08-21,Science Book,Books,1965.85,1769.26,13,1,East
ORD0407,2024-11-25,Biography,Books,109.91,98.92,17,1,South
ORD0408,2023-12-15,Sneakers,Clothing,1392.5,1002.6,11,2,North
ORD0409,2024-02-13,Air Purifier,Home,1136.35,954.53,14,1,West
ORD0410,2024-02-02,Mixer,Home,1395.63,1032.77,11,5,West
ORD0411,2023-01-14,Air Purifier,Home,1877.22,1501.78,10,1,West
ORD0412,2023-07-27,Mixer,Home,566.75,413.73,17,3,West
ORD0413,2024-12-12,Biography,Books,1346.34,1144.39,5,1,East
ORD0414,2023-01-06,Biography,Books,1894.97,1667.57,14,5,South
ORD0415,2023-07-10,Fiction Novel,Books,279.08,206.52,15,2,South
ORD0416,2023-06-06,T-Shirt,Clothing,1636.43,1145.5,9,5,South
ORD0417,2023-01-13,Mixer,Home,851.52,757.85,12,2,North
ORD0418,2023-05-09,Sneakers,Clothing,910.63,855.99,12,1,South
ORD0419,2023-09-02,Vacuum Cleaner,Home,1499.56,1094.68,3,3,South
ORD0420,2023-04-13,Air Purifier,Home,1229.86,983.89,12,5,West
ORD0421,2024-04-30,Comics,Books,191.88,151.59,17,1,South
ORD0422,2024-11-20,Air Purifier,Home,299.82,239.86,20,2,North
ORD0423,2023-02-04,Science Book,Books,1992.64,1594.11,13,2,South
ORD0424,2024-12-28,Smartwatch,Electronics,196.18,147.13,18,2,South
ORD0425,2023-09-23,Jeans,Clothing,1019.76,897.39,14,1,North
ORD0426,2023-12-21,Comics,Books,462.69,430.3,20,1,East
ORD0427,2023-01-19,Air Purifier,Home,1026.05,943.97,20,5,South
ORD0428,2023-01-31,Fiction Novel,Books,865.89,813.94,8,1,East
ORD0429,2024-10-10,Headphones,Electronics,1925.41,1790.63,14,4,West
ORD0430,2024-10-09,Smartphone,Electronics,1004.14,813.35,14,1,West
ORD0431,2023-01-07,Fiction Novel,Books,1054.67,949.2,9,4,East
ORD0432,2023-05-13,Science Book,Books,1322.62,1097.77,3,4,South
ORD0433,2024-04-08,Biography,Books,1200.18,1020.15,8,2,West
ORD0434,2024-03-12,Jeans,Clothing,622.18,460.41,4,1,South
ORD0435,2023-05-02,Smartwatch,Electronics,1409.42,1240.29,18,5,South
ORD0436,2024-07-15,Headphones,Electronics,1859.57,1766.59,5,4,East
ORD0437,2023-06-16,Fiction Novel,Books,793.77,730.27,12,4,West
ORD0438,2024-11-07,Science Book,Books,1661.21,1428.64,14,5,South
ORD0439,2023-01-14,Fiction Novel,Books,393.3,322.51,20,5,South
ORD0440,2024-02-09,Vacuum Cleaner,Home,193.5,176.09,15,2,West
ORD0441,2023-09-10,Headphones,Electronics,313.04,247.3,11,2,South
ORD0442,2024-01-21,Vacuum Cleaner,Home,661.76,516.17,7,3,East
ORD0443,2023-02-14,Science Book,Books,766.42,605.47,20,5,South
ORD0444,2023-04-04,Comics,Books,1682.94,1295.86,15,2,East
ORD0445,2024-03-23,Air Purifier,Home,1002.4,781.87,9,3,East
ORD0446,2023-07-01,Smartphone,Electronics,1362.27,994.46,6,5,East
ORD0447,2023-06-24,Jacket,Clothing,1876.44,1670.03,8,5,North
ORD0448,2024-01-23,Comics,Books,1963.5,1786.79,3,5,West
ORD0449,2024-02-20,Jacket,Clothing,1636.0,1227.0,20,4,South
ORD0450,2024-07-19,Science Book,Books,1840.23,1361.77,1,2,South
ORD0451,2023-03-14,Fiction Novel,Books,659.49,501.21,1,2,West
ORD0452,2024-08-07,Smartwatch,Electronics,333.29,299.96,16,4,West
ORD0453,2024-03-18,Jeans,Clothing,1266.91,937.51,7,2,West
ORD0454,2024-07-14,Sneakers,Clothing,1202.88,902.16,11,1,South
ORD0455,2023-01-11,Vacuum Cleaner,Home,1621.13,1394.17,14,2,East
ORD0456,2024-03-02,Mixer,Home,1605.94,1477.46,5,4,North
ORD0457,2024-06-27,Jacket,Clothing,899.4,710.53,4,4,North
ORD0458,2023-02-27,Smartphone,Electronics,129.32,96.99,1,4,South
ORD0459,2023-05-13,Air Purifier,Home,1149.36,1057.41,13,2,South
ORD0460,2024-05-24,Smartphone,Electronics,742.79,653.66,6,2,North
ORD0461,2023-07-21,Fiction Novel,Books,285.6,205.63,8,5,East
ORD0462,2024-06-08,Sneakers,Clothing,394.25,374.54,13,2,West
ORD0463,2023-09-20,Science Book,Books,611.41,544.15,11,3,South
ORD0464,2023-03-07,Smartphone,Electronics,389.98,362.68,7,4,West
ORD0465,2024-07-12,T-Shirt,Clothing,137.77,97.82,3,2,South
ORD0466,2024-02-23,Jacket,Clothing,789.2,670.82,9,4,South
ORD0467,2023-06-26,T-Shirt,Clothing,319.79,281.42,7,2,West
ORD0468,2023-10-29,Jacket,Clothing,249.44,226.99,14,4,North
ORD0469,2024-07-24,Jeans,Clothing,1693.27,1388.48,11,3,South
ORD0470,2024-09-02,Smartwatch,Electronics,1522.94,1446.79,15,5,West
ORD0471,2024-08-04,Vacuum Cleaner,Home,1602.38,1410.09,8,4,North
ORD0472,2024-07-14,Science Book,Books,1392.37,1308.83,19,2,North
ORD0473,2023-02-02,Sneakers,Clothing,1132.88,940.29,12,1,East
ORD0474,2023-04-29,Headphones,Electronics,727.44,691.07,3,5,North
ORD0475,2023-02-27,Sneakers,Clothing,802.37,682.01,19,3,East
ORD0476,2024-08-19,Smartwatch,Electronics,236.53,219.97,10,1,West
ORD0477,2024-12-01,Fiction Novel,Books,676.3,588.38,1,2,West
ORD0478,2023-05-20,Jeans,Clothing,1748.35,1538.55,20,2,West
ORD0479,2024-08-29,Jacket,Clothing,775.52,573.88,18,4,East
ORD0480,2024-11-15,Jacket,Clothing,1904.14,1675.64,1,4,West
ORD0481,2023-08-29,Smartphone,Electronics,1015.87,853.33,5,4,South
ORD0482,2023-10-10,Comics,Books,146.22,115.51,7,1,South
ORD0483,2024-05-15,T-Shirt,Clothing,1699.74,1393.79,1,3,West
ORD0484,2024-06-07,T-Shirt,Clothing,580.83,412.39,10,4,West
ORD0485,2024-02-17,Blender,Home,1530.15,1438.34,1,4,North
ORD0486,2023-11-28,Fiction Novel,Books,1749.38,1382.01,4,5,West
ORD0487,2023-05-16,Smartphone,Electronics,1174.07,904.03,5,1,North
ORD0488,2023-08-07,Smartwatch,Electronics,925.62,712.73,6,4,South
ORD0489,2024-06-03,Biography,Books,517.81,393.54,10,4,East
ORD0490,2024-11-30,Smartwatch,Electronics,1773.36,1666.96,11,5,North
ORD0491,2024-10-02,Vacuum Cleaner,Home,1564.01,1313.77,16,4,West
ORD0492,2024-02-23,Headphones,Electronics,334.57,244.24,14,4,South
ORD0493,2023-03-14,Mixer,Home,1104.34,817.21,13,2,North
ORD0494,2023-02-13,Biography,Books,686.03,610.57,13,5,North
ORD0495,2023-08-23,Blender,Home,920.77,672.16,12,3,North
ORD0496,2023-06-02,Blender,Home,767.53,698.45,13,5,North
ORD0497,2024-10-23,Vacuum Cleaner,Home,870.91,757.69,1,5,West
ORD0498,2024-02-14,Laptop,Electronics,1376.11,1197.22,15,4,West
ORD0499,2023-02-15,Mixer,Home,509.22,448.11,3,5,East
ORD0500,2023-12-09,Smartwatch,Electronics,1562.54,1187.53,3,4,West
ORD0501,2023-03-07,Biography,Books,1313.68,1156.04,3,5,South
ORD0502,2023-03-02,Smartphone,Electronics,1308.13,981.1,11,5,North
ORD0503,2023-01-05,Blender,Home,1532.07,1103.09,20,2,South
ORD0504,2024-04-23,T-Shirt,Clothing,1665.31,1432.17,9,1,South
ORD0505,2024-05-11,Biography,Books,1827.02,1717.4,18,2,East
ORD0506,2023-01-04,Jeans,Clothing,1055.4,823.21,10,4,West
ORD0507,2024-10-15,Fiction Novel,Books,1532.81,1272.23,4,5,North
ORD0508,2023-09-25,Mixer,Home,230.73,200.74,17,2,West
ORD0509,2024-07-15,Smartwatch,Electronics,1757.12,1388.12,11,5,West
ORD0510,2023-04-02,Fiction Novel,Books,557.79,429.5,16,4,North
ORD0511,2023-01-25,Laptop,Electronics,1067.14,832.37,12,1,East
ORD0512,2024-12-13,Smartwatch,Electronics,526.24,415.73,7,4,East
ORD0513,2023-06-23,Biography,Books,1000.47,720.34,5,2,West
ORD0514,2024-06-24,Comics,Books,527.86,469.8,5,4,North
ORD0515,2024-06-29,Jeans,Clothing,309.46,263.04,13,2,South
ORD0516,2023-05-23,Biography,Books,802.44,738.24,11,1,West
ORD0517,2023-10-07,Blender,Home,1231.92,899.3,20,2,North
ORD0518,2023-02-13,Mixer,Home,1162.62,883.59,8,2,North
ORD0519,2024-07-08,Air Purifier,Home,475.6,428.04,14,1,West
ORD0520,2023-09-04,Smartphone,Electronics,1257.05,1118.77,9,2,South
ORD0521,2024-10-25,Sneakers,Clothing,1025.24,799.69,12,5,North
ORD0522,2023-01-28,Vacuum Cleaner,Home,1529.1,1452.64,20,2,East
ORD0523,2023-07-31,Mixer,Home,1124.53,820.91,2,1,North
ORD0524,2023-07-23,Fiction Novel,Books,1474.51,1091.14,9,1,South
ORD0525,2024-06-12,Comics,Books,458.26,384.94,8,3,West
ORD0526,2023-12-02,Mixer,Home,756.12,536.85,11,3,East
ORD0527,2024-03-11,Blender,Home,1830.54,1684.1,1,2,West
ORD0528,2023-10-03,Smartphone,Electronics,283.17,237.86,8,2,West
ORD0529,2023-05-28,T-Shirt,Clothing,331.87,262.18,13,5,East
ORD0530,2023-01-13,Vacuum Cleaner,Home,180.95,153.81,7,1,North
ORD0531,2023-07-14,Blender,Home,1299.46,1026.57,2,3,East
ORD0532,2023-10-25,Jacket,Clothing,620.95,577.48,5,3,North
ORD0533,2023-03-13,T-Shirt,Clothing,1458.56,1166.85,6,5,South
ORD0534,2023-04-22,Air Purifier,Home,1494.76,1315.39,12,1,East
ORD0535,2024-08-04,Jacket,Clothing,1089.89,795.62,5,2,West
ORD0536,2024-06-20,Jacket,Clothing,944.46,736.68,11,3,West
ORD0537,2023-10-06,Mixer,Home,321.97,286.55,19,4,East
ORD0538,2023-12-16,Air Purifier,Home,1255.37,1067.06,14,4,North
ORD0539,2024-09-12,Smartwatch,Electronics,418.86,293.2,14,2,West
ORD0540,2023-08-17,Air Purifier,Home,1525.45,1418.67,17,3,West
ORD0541,2024-12-26,Comics,Books,310.06,291.46,14,2,North
ORD0542,2023-08-08,Mixer,Home,955.79,716.84,5,1,East
ORD0543,2023-05-08,Smartphone,Electronics,981.13,784.9,14,5,East
ORD0544,2024-07-06,Laptop,Electronics,981.24,932.18,16,5,South
ORD0545,2024-07-02,Blender,Home,1719.14,1633.18,14,1,East
ORD0546,2024-01-31,T-Shirt,Clothing,808.69,566.08,8,3,West
ORD0547,2023-05-02,Blender,Home,1459.17,1225.7,5,4,North
ORD0548,2024-06-12,Mixer,Home,675.88,601.53,20,5,South
ORD0549,2023-05-14,Air Purifier,Home,595.53,518.11,14,5,South
ORD0550,2023-10-13,Science Book,Books,239.61,184.5,18,5,North
ORD0551,2024-10-27,Smartwatch,Electronics,1633.84,1323.41,9,3,North
ORD0552,2024-01-04,Mixer,Home,1667.52,1350.69,8,2,South
ORD0553,2024-05-21,Comics,Books,271.66,217.33,6,2,West
ORD0554,2023-11-30,Smartphone,Electronics,1139.4,922.91,4,5,South
ORD0555,2023-05-14,Laptop,Electronics,1105.67,1006.16,20,3,West
ORD0556,2024-09-27,Jacket,Clothing,640.64,480.48,3,3,South
ORD0557,2023-08-15,Headphones,Electronics,301.21,222.9,4,2,South
ORD0558,2023-12-09,Comics,Books,1291.15,968.36,9,4,West
ORD0559,2024-06-16,Comics,Books,440.05,404.85,20,5,South
ORD0560,2024-06-14,Air Purifier,Home,238.88,179.16,8,3,North
ORD0561,2023-11-21,Headphones,Electronics,906.18,743.07,14,2,North
ORD0562,2023-04-15,Laptop,Electronics,1422.2,1237.31,6,4,South
ORD0563,2024-09-26,Laptop,Electronics,897.47,673.1,5,5,North
ORD0564,2023-10-05,Air Purifier,Home,594.5,552.88,13,3,West
ORD0565,2024-11-13,Blender,Home,517.5,429.52,16,2,North
ORD0566,2023-10-13,Comics,Books,386.36,282.04,5,2,South
ORD0567,2024-04-06,T-Shirt,Clothing,832.09,682.31,10,3,North
ORD0568,2024-05-03,Mixer,Home,617.81,500.43,17,3,South
ORD0569,2024-03-21,Sneakers,Clothing,550.89,473.77,16,2,South
ORD0570,2024-10-24,Vacuum Cleaner,Home,512.81,476.91,15,2,North
ORD0571,2023-09-18,Smartwatch,Electronics,1012.99,901.56,14,3,North
ORD0572,2023-10-28,Smartphone,Electronics,130.0,114.4,16,4,West
ORD0573,2024-04-09,T-Shirt,Clothing,291.27,265.06,13,1,East
ORD0574,2024-08-09,Headphones,Electronics,1589.34,1446.3,9,3,South
ORD0575,2023-06-21,Air Purifier,Home,1845.96,1366.01,9,5,West
ORD0576,2024-06-05,Smartphone,Electronics,954.68,687.37,16,5,North
ORD0577,2023-05-19,Vacuum Cleaner,Home,346.05,301.06,17,5,North
ORD0578,2024-03-18,Sneakers,Clothing,1792.89,1649.46,2,4,South
ORD0579,2023-11-24,Blender,Home,318.14,264.06,4,5,West
ORD0580,2024-01-27,Air Purifier,Home,476.56,395.54,5,4,South
ORD0581,2023-10-24,Science Book,Books,872.91,680.87,13,1,East
ORD0582,2023-12-24,Headphones,Electronics,472.65,406.48,20,4,North
ORD0583,2024-03-19,Fiction Novel,Books,1963.42,1413.66,2,5,South
ORD0584,2023-10-21,Fiction Novel,Books,1467.59,1071.34,2,4,South
ORD0585,2024-09-03,Fiction Novel,Books,974.94,926.19,7,5,South
ORD0586,2024-10-27,Fiction Novel,Books,1741.88,1219.32,20,2,East
ORD0587,2024-06-29,Blender,Home,1810.04,1592.84,16,1,South
ORD0588,2024-05-29,Air Purifier,Home,1368.55,1012.73,12,3,East
ORD0589,2024-08-06,Vacuum Cleaner,Home,1006.21,855.28,7,4,West
ORD0590,2024-10-06,Blender,Home,536.42,445.23,4,2,West
ORD0591,2024-10-14,Blender,Home,1735.75,1284.45,20,4,South
ORD0592,2024-06-18,Science Book,Books,705.98,593.02,8,3,South
ORD0593,2023-08-29,Headphones,Electronics,413.23,314.05,9,5,South
ORD0594,2023-08-19,Smartwatch,Electronics,234.38,217.97,16,2,West
ORD0595,2023-04-12,Sneakers,Clothing,489.12,445.1,15,1,West
ORD0596,2023-05-01,T-Shirt,Clothing,995.03,756.22,1,3,North
ORD0597,2024-12-30,Fiction Novel,Books,501.97,411.62,20,3,East
ORD0598,2023-12-19,Sneakers,Clothing,990.44,831.97,19,4,East
ORD0599,2024-07-05,Air Purifier,Home,578.6,405.02,10,2,East
ORD0600,2024-02-27,T-Shirt,Clothing,142.07,99.45,8,2,East
ORD0601,2024-03-24,Fiction Novel,Books,673.87,572.79,12,3,West
ORD0602,2023-06-26,Headphones,Electronics,1810.9,1358.18,9,5,North
ORD0603,2023-09-18,Smartwatch,Electronics,1345.41,1022.51,7,2,West
ORD0604,2023-07-02,Science Book,Books,1383.13,1065.01,5,5,South
ORD0605,2023-08-22,Jacket,Clothing,865.71,796.45,16,4,North
ORD0606,2023-07-18,Blender,Home,635.76,546.75,6,5,North
ORD0607,2024-03-19,Smartphone,Electronics,1181.95,1051.94,11,2,West
ORD0608,2023-01-05,T-Shirt,Clothing,1089.59,773.61,11,5,West
ORD0609,2023-03-25,Vacuum Cleaner,Home,774.24,603.91,19,2,East
ORD0610,2023-11-03,Jeans,Clothing,1129.9,858.72,9,1,East
ORD0611,2024-10-29,Sneakers,Clothing,582.71,437.03,1,1,North
ORD0612,2024-11-28,Smartwatch,Electronics,1287.72,1068.81,13,4,North
ORD0613,2023-12-08,Vacuum Cleaner,Home,681.08,640.22,14,2,West
ORD0614,2023-06-27,Vacuum Cleaner,Home,441.27,405.97,8,4,East
ORD0615,2023-10-14,Jeans,Clothing,1148.17,1021.87,4,2,South
ORD0616,2024-11-10,Vacuum Cleaner,Home,381.44,335.67,7,1,West
ORD0617,2023-07-22,Headphones,Electronics,378.56,348.28,3,4,East
ORD0618,2024-08-04,Science Book,Books,1460.35,1139.07,11,2,South
ORD0619,2024-03-28,Laptop,Electronics,134.46,99.5,3,4,North
ORD0620,2023-05-26,Vacuum Cleaner,Home,255.58,230.02,5,1,West
ORD0621,2023-02-21,Jeans,Clothing,1330.28,1037.62,9,5,East
ORD0622,2023-09-22,Fiction Novel,Books,1816.44,1453.15,10,1,South
ORD0623,2024-02-05,Science Book,Books,552.29,392.13,20,2,West
ORD0624,2024-01-12,Smartwatch,Electronics,1400.53,1302.49,6,3,South
ORD0625,2023-12-20,Fiction Novel,Books,329.42,270.12,8,1,West
ORD0626,2023-08-06,Jacket,Clothing,855.23,667.08,10,1,East
ORD0627,2023-12-18,Smartwatch,Electronics,544.4,484.52,4,5,East
ORD0628,2023-03-01,Mixer,Home,1889.33,1700.4,12,1,East
ORD0629,2024-08-27,Jeans,Clothing,631.06,580.58,18,4,North
ORD0630,2023-12-05,Blender,Home,471.3,400.61,14,2,South
ORD0631,2023-06-24,Sneakers,Clothing,994.55,696.18,12,4,North
ORD0632,2023-05-12,Science Book,Books,790.36,687.61,4,1,East
ORD0633,2024-02-04,Air Purifier,Home,1833.93,1723.89,3,5,East
ORD0634,2023-04-17,Smartwatch,Electronics,1330.4,1210.66,19,5,West
ORD0635,2024-06-14,Comics,Books,305.9,241.66,13,2,East
ORD0636,2024-01-06,Laptop,Electronics,993.85,725.51,12,3,East
ORD0637,2024-02-18,Comics,Books,873.84,672.86,8,1,East
ORD0638,2024-09-11,Vacuum Cleaner,Home,1071.03,856.82,13,2,South
ORD0639,2024-06-13,Smartwatch,Electronics,1353.94,1015.46,5,4,South
ORD0640,2024-03-03,Vacuum Cleaner,Home,1135.44,908.35,2,4,South
ORD0641,2023-08-19,Smartphone,Electronics,1929.91,1408.83,12,3,West
ORD0642,2023-06-26,Jeans,Clothing,254.81,191.11,5,3,East
ORD0643,2024-09-03,Sneakers,Clothing,176.89,143.28,2,5,East
ORD0644,2024-12-22,Science Book,Books,288.69,233.84,2,2,West
ORD0645,2024-04-01,Mixer,Home,1960.34,1744.7,4,2,North
ORD0646,2024-01-14,Blender,Home,1531.27,1117.83,17,3,East
ORD0647,2023-06-04,Sneakers,Clothing,472.29,410.89,15,5,East
ORD0648,2023-04-15,Comics,Books,1961.57,1686.95,12,3,North
ORD0649,2023-01-02,Vacuum Cleaner,Home,385.83,366.54,9,3,East
ORD0650,2023-05-13,Comics,Books,511.8,399.2,14,4,North
ORD0651,2024-11-02,Science Book,Books,1562.56,1140.67,11,1,East
ORD0652,2024-12-27,Blender,Home,586.05,539.17,19,3,North
ORD0653,2024-09-23,T-Shirt,Clothing,1276.05,1110.16,18,2,South
ORD0654,2023-11-26,Air Purifier,Home,1496.51,1227.14,13,4,South
ORD0655,2024-05-08,Smartwatch,Electronics,755.8,680.22,2,2,East
ORD0656,2024-09-06,Smartphone,Electronics,1600.78,1184.58,5,2,West
ORD0657,2023-06-23,Blender,Home,1350.72,1040.05,2,4,North
ORD0658,2024-01-16,Smartwatch,Electronics,693.0,630.63,19,2,East
ORD0659,2024-11-05,Jeans,Clothing,553.48,459.39,12,1,South
ORD0660,2024-07-14,Comics,Books,1825.53,1551.7,12,2,South
ORD0661,2024-07-12,Vacuum Cleaner,Home,1541.8,1187.19,7,5,East
ORD0662,2023-10-14,Air Purifier,Home,1829.02,1700.99,16,1,East
ORD0663,2024-05-14,Fiction Novel,Books,1732.94,1421.01,13,2,South
ORD0664,2023-10-16,Biography,Books,747.59,635.45,15,2,East
ORD0665,2023-09-22,Sneakers,Clothing,1530.49,1193.78,10,3,South
ORD0666,2024-10-29,Biography,Books,1071.27,867.73,18,1,East
ORD0667,2023-12-22,Biography,Books,365.11,343.2,18,3,North
ORD0668,2024-12-06,T-Shirt,Clothing,393.56,322.72,4,5,West
ORD0669,2023-09-15,Smartphone,Electronics,926.04,657.49,15,4,West
ORD0670,2024-05-12,Biography,Books,709.55,624.4,2,2,South
ORD0671,2023-07-30,Sneakers,Clothing,779.48,553.43,13,4,South
ORD0672,2023-03-20,T-Shirt,Clothing,1161.92,1057.35,14,2,South
ORD0673,2024-12-31,Vacuum Cleaner,Home,1974.76,1520.57,1,3,East
ORD0674,2023-08-23,Blender,Home,1117.2,927.28,14,2,West
ORD0675,2023-08-25,Jeans,Clothing,821.3,640.61,20,1,West
ORD0676,2023-12-09,Jeans,Clothing,377.77,339.99,8,2,East
ORD0677,2023-01-04,Jeans,Clothing,352.21,302.9,6,2,South
ORD0678,2023-09-11,Laptop,Electronics,1237.94,1015.11,15,5,North
ORD0679,2024-09-18,Air Purifier,Home,1192.87,978.15,15,5,West
ORD0680,2023-01-22,Air Purifier,Home,804.94,692.25,11,2,North
ORD0681,2023-09-26,Laptop,Electronics,1068.12,1014.71,8,2,South
ORD0682,2023-07-15,Vacuum Cleaner,Home,1918.17,1745.53,8,2,West
ORD0683,2024-08-13,Biography,Books,1479.54,1242.81,18,2,South
ORD0684,2024-06-06,Jacket,Clothing,1695.83,1577.12,10,1,West
ORD0685,2024-06-16,Blender,Home,1846.52,1532.61,19,1,North
ORD0686,2024-12-10,Science Book,Books,880.19,748.16,1,3,East
ORD0687,2024-01-09,Science Book,Books,170.08,159.88,10,1,West
ORD0688,2024-07-20,Blender,Home,1820.58,1674.93,16,3,South
ORD0689,2024-10-06,Jeans,Clothing,958.4,852.98,4,4,South
ORD0690,2023-02-10,Jeans,Clothing,848.44,627.85,18,5,East
ORD0691,2024-10-28,Mixer,Home,1407.53,1294.93,11,3,West
ORD0692,2023-03-20,Mixer,Home,362.6,297.33,20,5,South
ORD0693,2023-06-22,Jacket,Clothing,811.89,633.27,6,2,South
ORD0694,2024-04-16,Smartwatch,Electronics,205.66,158.36,8,2,West
ORD0695,2024-06-03,Smartphone,Electronics,583.1,530.62,8,3,West
ORD0696,2024-03-05,Air Purifier,Home,1687.48,1282.48,15,5,East
ORD0697,2024-05-04,Science Book,Books,614.42,559.12,2,5,North
ORD0698,2023-08-29,Biography,Books,1221.09,964.66,7,3,North
ORD0699,2024-12-26,Smartphone,Electronics,690.53,642.19,2,4,West
ORD0700,2024-07-30,Fiction Novel,Books,1501.9,1396.77,19,3,West
ORD0701,2023-12-26,Air Purifier,Home,988.43,879.7,3,5,West
ORD0702,2023-10-13,Comics,Books,1700.97,1258.72,2,3,West
ORD0703,2023-07-19,Comics,Books,836.6,769.67,16,3,North
ORD0704,2024-01-06,Mixer,Home,1521.28,1186.6,1,1,South
ORD0705,2024-05-13,Comics,Books,793.78,642.96,11,3,West
ORD0706,2024-06-21,Fiction Novel,Books,446.88,366.44,6,4,East
ORD0707,2024-05-05,Jacket,Clothing,1025.58,943.53,5,2,East
ORD0708,2024-01-15,Sneakers,Clothing,1302.59,1055.1,20,4,East
ORD0709,2024-12-20,Vacuum Cleaner,Home,1136.18,988.48,4,4,North
ORD0710,2023-02-02,Laptop,Electronics,1157.14,1029.85,6,2,East
ORD0711,2023-12-14,Smartwatch,Electronics,1994.08,1814.61,1,3,East
ORD0712,2024-12-20,Blender,Home,868.16,737.94,19,3,North
ORD0713,2024-08-18,Mixer,Home,159.95,123.16,13,3,North
ORD0714,2024-07-30,Smartwatch,Electronics,1922.17,1383.96,15,4,South
ORD0715,2024-02-01,Laptop,Electronics,523.52,471.17,2,5,West
ORD0716,2024-07-15,Vacuum Cleaner,Home,664.73,611.55,13,4,South
ORD0717,2023-11-21,Headphones,Electronics,1789.15,1449.21,13,1,North
ORD0718,2023-07-02,Fiction Novel,Books,325.46,247.35,14,3,North
ORD0719,2024-02-11,Headphones,Electronics,940.13,676.89,3,1,East
ORD0720,2023-08-10,Air Purifier,Home,1414.4,1131.52,9,1,South
ORD0721,2024-07-16,Blender,Home,1508.59,1161.61,1,4,North
ORD0722,2024-03-28,Laptop,Electronics,1255.02,941.26,19,3,North
ORD0723,2023-08-16,Biography,Books,210.12,197.51,17,2,South
ORD0724,2024-05-15,Jacket,Clothing,272.95,245.66,3,1,South
ORD0725,2023-02-18,Mixer,Home,918.52,753.19,19,2,East
ORD0726,2023-06-08,Comics,Books,372.15,338.66,9,4,North
ORD0727,2024-04-07,Science Book,Books,952.19,847.45,1,2,East
ORD0728,2023-09-23,Jeans,Clothing,1619.01,1327.59,6,1,West
ORD0729,2023-06-25,Air Purifier,Home,357.7,307.62,5,3,South
ORD0730,2024-11-20,Fiction Novel,Books,574.73,511.51,6,5,North
ORD0731,2023-02-20,Biography,Books,1740.3,1618.48,20,2,West
ORD0732,2024-10-02,Science Book,Books,240.84,171.0,16,3,South
ORD0733,2024-07-23,Comics,Books,1433.47,1060.77,9,4,North
ORD0734,2024-04-12,Jeans,Clothing,437.55,328.16,20,1,North
ORD0735,2023-02-09,T-Shirt,Clothing,1227.36,1092.35,11,2,South
ORD0736,2024-06-24,Smartwatch,Electronics,592.31,485.69,9,2,South
ORD0737,2024-01-31,Biography,Books,867.44,806.72,11,4,East
ORD0738,2024-02-13,T-Shirt,Clothing,1319.72,963.4,9,4,South
ORD0739,2024-09-16,Headphones,Electronics,1756.37,1247.02,8,4,West
ORD0740,2024-02-26,T-Shirt,Clothing,1463.1,1316.79,17,4,East
ORD0741,2024-02-05,Laptop,Electronics,207.63,184.79,13,4,South
ORD0742,2023-04-25,Mixer,Home,1574.15,1322.29,5,4,West
ORD0743,2023-01-28,Science Book,Books,1264.23,897.6,20,3,North
ORD0744,2024-10-18,Fiction Novel,Books,1629.8,1385.33,3,4,East
ORD0745,2024-03-06,Vacuum Cleaner,Home,670.01,616.41,9,3,North
ORD0746,2023-05-18,Headphones,Electronics,713.4,584.99,9,3,East
ORD0747,2024-11-09,Comics,Books,1892.89,1684.67,2,1,South
ORD0748,2023-04-05,Air Purifier,Home,760.44,608.35,19,1,North
ORD0749,2024-02-05,Biography,Books,229.53,174.44,9,3,South
ORD0750,2023-07-25,Blender,Home,838.72,629.04,19,5,South
ORD0751,2023-11-15,T-Shirt,Clothing,678.95,509.21,9,3,South
ORD0752,2023-11-03,Biography,Books,147.79,104.93,14,1,South
ORD0753,2023-12-20,Jacket,Clothing,196.73,149.51,17,4,East
ORD0754,2024-10-12,Laptop,Electronics,1863.01,1360.0,16,3,East
ORD0755,2023-05-13,Blender,Home,1450.01,1232.51,5,4,West
ORD0756,2023-01-01,Blender,Home,1851.01,1536.34,2,4,North
ORD0757,2023-11-21,Smartphone,Electronics,813.06,748.02,8,2,West
ORD0758,2024-11-20,Mixer,Home,1058.15,952.34,16,1,South
ORD0759,2023-06-16,Smartwatch,Electronics,319.1,296.76,11,3,West
ORD0760,2024-12-27,Mixer,Home,1368.01,1026.01,9,5,South
ORD0761,2024-10-31,Blender,Home,1144.11,823.76,10,2,West
ORD0762,2024-12-05,Science Book,Books,142.26,108.12,5,1,East
ORD0763,2023-07-04,Jacket,Clothing,650.49,468.35,12,5,South
ORD0764,2024-09-13,Comics,Books,540.84,475.94,8,5,East
ORD0765,2023-07-23,Headphones,Electronics,1467.75,1276.94,7,5,East
ORD0766,2024-11-14,Sneakers,Clothing,773.15,680.37,5,5,North
ORD0767,2023-12-26,Vacuum Cleaner,Home,383.03,279.61,3,2,South
ORD0768,2023-07-30,Vacuum Cleaner,Home,1145.41,1019.41,16,2,East
ORD0769,2023-07-23,Laptop,Electronics,938.57,797.78,12,3,West
ORD0770,2023-10-10,Jacket,Clothing,802.94,738.7,7,2,East
ORD0771,2023-10-31,Mixer,Home,997.44,877.75,13,4,East
ORD0772,2024-06-11,Laptop,Electronics,1676.29,1424.85,4,1,West
ORD0773,2023-05-14,Smartwatch,Electronics,500.57,470.54,19,4,West
ORD0774,2023-03-26,Vacuum Cleaner,Home,266.3,252.98,16,4,East
ORD0775,2024-11-29,Air Purifier,Home,1645.53,1464.52,10,2,North
ORD0776,2024-12-29,Smartwatch,Electronics,159.51,113.25,20,2,East
ORD0777,2023-07-14,Science Book,Books,123.59,113.7,2,1,West
ORD0778,2023-06-11,Comics,Books,472.65,349.76,4,4,West
ORD0779,2023-06-14,Comics,Books,1438.02,1020.99,7,5,North
ORD0780,2024-01-05,Fiction Novel,Books,1068.76,812.26,2,4,West
ORD0781,2024-01-10,Laptop,Electronics,1547.59,1423.78,16,4,South
ORD0782,2024-07-13,Science Book,Books,1345.66,1197.64,3,5,West
ORD0783,2024-12-04,Fiction Novel,Books,885.94,691.03,10,2,East
ORD0784,2024-02-17,Mixer,Home,1656.73,1507.62,19,1,North
ORD0785,2024-12-17,Smartwatch,Electronics,541.76,503.84,18,1,West
ORD0786,2024-11-06,Sneakers,Clothing,574.81,517.33,20,4,South
ORD0787,2024-07-17,Smartwatch,Electronics,1339.62,977.92,12,1,West
ORD0788,2024-05-02,Sneakers,Clothing,1752.9,1262.09,17,3,East
ORD0789,2024-01-23,Fiction Novel,Books,1678.96,1393.54,12,3,East
ORD0790,2023-01-16,Smartwatch,Electronics,1661.74,1429.1,16,4,South
ORD0791,2024-11-15,Fiction Novel,Books,591.25,413.88,2,1,South
ORD0792,2024-08-03,Sneakers,Clothing,318.48,296.19,8,2,East
ORD0793,2024-03-08,Jeans,Clothing,1218.68,974.94,10,2,West
ORD0794,2023-03-27,Biography,Books,1103.04,948.61,1,2,West
ORD0795,2023-05-27,Biography,Books,343.26,302.07,7,2,South
ORD0796,2023-09-29,Biography,Books,1625.1,1283.83,20,3,South
ORD0797,2023-11-20,Blender,Home,917.17,807.11,6,1,South
ORD0798,2024-01-14,Blender,Home,959.79,691.05,6,4,West
ORD0799,2024-05-21,Jeans,Clothing,1623.45,1233.82,2,1,West
ORD0800,2023-11-24,Headphones,Electronics,1786.63,1339.97,12,5,East
ORD0801,2023-01-08,Vacuum Cleaner,Home,1926.4,1656.7,15,5,North
ORD0802,2023-05-05,Mixer,Home,1023.01,818.41,13,3,West
ORD0803,2023-04-24,Vacuum Cleaner,Home,835.4,726.8,18,2,North
ORD0804,2023-10-31,Science Book,Books,487.88,463.49,20,3,East
ORD0805,2023-07-23,T-Shirt,Clothing,901.95,730.58,19,5,East
ORD0806,2023-06-23,T-Shirt,Clothing,1870.82,1421.82,17,1,West
ORD0807,2023-07-15,T-Shirt,Clothing,1669.5,1268.82,10,5,East
ORD0808,2024-01-01,Smartwatch,Electronics,328.48,252.93,6,5,West
ORD0809,2024-12-02,Science Book,Books,1519.78,1155.03,1,4,West
ORD0810,2024-02-26,Blender,Home,806.15,725.53,18,3,South
ORD0811,2023-05-06,Sneakers,Clothing,1589.78,1430.8,6,3,West
ORD0812,2024-10-30,Biography,Books,1795.58,1256.91,3,2,East
ORD0813,2023-11-18,Jeans,Clothing,136.34,122.71,1,4,South
ORD0814,2024-09-18,Smartwatch,Electronics,333.07,246.47,14,5,East
ORD0815,2024-07-09,Blender,Home,493.19,369.89,10,1,South
ORD0816,2023-05-01,T-Shirt,Clothing,554.34,493.36,1,3,East
ORD0817,2023-09-30,Mixer,Home,1825.39,1715.87,8,2,South
ORD0818,2023-05-23,T-Shirt,Clothing,1828.27,1535.75,1,3,South
ORD0819,2023-02-27,Jeans,Clothing,1571.69,1367.37,3,4,North
ORD0820,2024-11-21,Fiction Novel,Books,563.93,417.31,18,4,East
ORD0821,2023-10-27,Comics,Books,1901.34,1387.98,20,5,East
ORD0822,2023-10-03,Vacuum Cleaner,Home,249.65,222.19,12,5,West
ORD0823,2023-05-13,Biography,Books,598.39,538.55,6,4,North
ORD0824,2023-11-17,Mixer,Home,1627.77,1530.1,17,2,South
ORD0825,2023-11-13,Air Purifier,Home,1936.74,1510.66,12,1,South
ORD0826,2024-11-26,Laptop,Electronics,339.69,264.96,17,5,East
ORD0827,2023-02-07,Vacuum Cleaner,Home,869.78,782.8,17,2,West
ORD0828,2023-12-01,Laptop,Electronics,224.06,165.8,15,4,East
ORD0829,2023-10-18,Science Book,Books,1483.37,1364.7,2,2,West
ORD0830,2023-04-14,T-Shirt,Clothing,1161.16,1021.82,11,1,North
ORD0831,2024-02-03,Biography,Books,1084.13,964.88,3,2,South
ORD0832,2024-03-15,Fiction Novel,Books,824.24,725.33,19,3,East
ORD0833,2023-11-07,Air Purifier,Home,1862.75,1546.08,16,2,North
ORD0834,2024-12-02,Sneakers,Clothing,988.07,810.22,6,5,East
ORD0835,2023-10-21,Air Purifier,Home,723.5,665.62,5,3,North
ORD0836,2023-08-16,Jacket,Clothing,1509.73,1132.3,7,5,North
ORD0837,2023-08-04,Blender,Home,1887.73,1774.47,6,3,South
ORD0838,2024-04-24,Headphones,Electronics,1687.67,1485.15,10,4,East
ORD0839,2024-08-30,Air Purifier,Home,565.84,430.04,19,1,East
ORD0840,2023-08-26,Jacket,Clothing,1900.67,1482.52,12,2,North
ORD0841,2023-07-31,T-Shirt,Clothing,1841.55,1417.99,13,3,North
ORD0842,2023-09-30,Science Book,Books,844.03,742.75,13,1,North
ORD0843,2023-11-15,Jacket,Clothing,1167.08,1085.38,2,5,East
ORD0844,2024-08-02,Comics,Books,1391.31,1182.61,11,2,East
ORD0845,2024-01-02,Biography,Books,884.77,769.75,14,3,West
ORD0846,2023-01-14,Comics,Books,349.33,321.38,13,2,West
ORD0847,2024-11-29,Air Purifier,Home,655.22,497.97,18,4,North
ORD0848,2024-03-01,Fiction Novel,Books,1300.1,1118.09,8,3,West
ORD0849,2024-11-26,Air Purifier,Home,937.29,740.46,20,5,West
ORD0850,2023-12-08,Laptop,Electronics,1530.01,1224.01,9,2,South
ORD0851,2024-04-21,Smartwatch,Electronics,1367.35,1298.98,15,2,East
ORD0852,2024-05-07,Biography,Books,1957.94,1781.73,1,5,West
ORD0853,2024-08-30,Biography,Books,1379.33,1103.46,8,3,South
ORD0854,2023-04-08,T-Shirt,Clothing,1428.84,1228.8,18,1,East
ORD0855,2024-02-29,Comics,Books,925.73,786.87,6,3,East
ORD0856,2023-05-07,Headphones,Electronics,794.42,595.81,2,5,South
ORD0857,2024-02-07,T-Shirt,Clothing,318.07,229.01,12,2,East
ORD0858,2024-05-07,Smartwatch,Electronics,1891.52,1437.56,9,5,East
ORD0859,2024-05-24,Science Book,Books,1074.37,1020.65,7,5,South
ORD0860,2024-03-04,Laptop,Electronics,772.73,718.64,14,2,West
ORD0861,2023-06-15,Blender,Home,1780.95,1620.66,20,4,South
ORD0862,2024-12-28,Laptop,Electronics,1543.68,1250.38,15,5,North
ORD0863,2024-05-08,Laptop,Electronics,727.91,604.17,15,3,West
ORD0864,2023-10-12,Jacket,Clothing,1384.07,1024.21,20,2,East
ORD0865,2024-06-24,Headphones,Electronics,1454.04,1105.07,3,5,North
ORD0866,2023-03-02,T-Shirt,Clothing,1505.54,1430.26,2,3,North
ORD0867,2024-11-08,Smartphone,Electronics,508.95,396.98,18,4,West
ORD0868,2024-08-27,Science Book,Books,1161.47,1022.09,13,5,East
ORD0869,2023-07-24,Vacuum Cleaner,Home,239.31,186.66,4,4,West
ORD0870,2024-03-30,Mixer,Home,1110.49,910.6,7,4,North
ORD0871,2024-02-02,Blender,Home,1049.78,934.3,3,5,South
ORD0872,2023-07-26,Smartwatch,Electronics,904.66,723.73,20,1,South
ORD0873,2024-09-17,Fiction Novel,Books,1063.68,840.31,7,3,West
ORD0874,2024-04-07,Science Book,Books,1115.13,1014.77,7,1,South
ORD0875,2024-02-24,Smartwatch,Electronics,729.28,546.96,12,2,North
ORD0876,2024-03-16,Fiction Novel,Books,535.84,509.05,4,2,West
ORD0877,2023-03-06,Mixer,Home,1958.49,1684.3,5,1,North
ORD0878,2023-04-12,Jeans,Clothing,1617.6,1391.14,1,1,North
ORD0879,2024-11-08,Blender,Home,290.36,235.19,11,4,North
ORD0880,2023-10-15,T-Shirt,Clothing,456.16,387.74,12,4,South
ORD0881,2024-06-17,Smartphone,Electronics,983.65,747.57,10,5,West
ORD0882,2024-04-07,Jeans,Clothing,597.68,436.31,7,1,South
ORD0883,2023-03-29,Comics,Books,1188.51,1129.08,2,2,East
ORD0884,2023-10-09,Air Purifier,Home,819.09,597.94,13,3,East
ORD0885,2023-09-23,Headphones,Electronics,1753.26,1630.53,9,5,East
ORD0886,2024-05-25,Jacket,Clothing,219.77,162.63,12,3,West
ORD0887,2024-07-13,Laptop,Electronics,271.7,195.62,12,5,East
ORD0888,2023-01-12,Smartphone,Electronics,108.15,77.87,1,2,West
ORD0889,2024-12-21,Fiction Novel,Books,547.81,438.25,6,2,East
ORD0890,2023-05-10,Science Book,Books,136.16,108.93,5,1,South
ORD0891,2023-02-09,Headphones,Electronics,677.0,616.07,7,3,South
ORD0892,2024-02-27,Jacket,Clothing,199.23,169.35,9,1,East
ORD0893,2023-03-07,Science Book,Books,954.32,687.11,2,3,East
ORD0894,2024-07-02,Vacuum Cleaner,Home,1565.51,1205.44,10,2,South
ORD0895,2023-05-15,Laptop,Electronics,451.44,383.72,19,4,South
ORD0896,2024-01-15,Mixer,Home,982.35,756.41,19,2,East
ORD0897,2024-12-08,Laptop,Electronics,1325.9,1087.24,3,2,North
ORD0898,2023-05-09,Headphones,Electronics,1488.09,1101.19,10,5,East
ORD0899,2023-07-03,Blender,Home,1305.21,913.65,9,2,East
ORD0900,2023-06-10,Jacket,Clothing,621.41,503.34,19,2,West
ORD0901,2024-03-29,Sneakers,Clothing,1373.24,1167.25,17,3,South
ORD0902,2024-01-29,Science Book,Books,177.32,140.08,12,4,South
ORD0903,2024-01-12,Vacuum Cleaner,Home,1620.58,1507.14,19,4,East
ORD0904,2023-05-30,Smartwatch,Electronics,546.6,399.02,9,5,North
ORD0905,2023-08-03,Biography,Books,1782.11,1675.18,3,2,West
ORD0906,2023-11-20,Blender,Home,1236.67,927.5,13,3,West
ORD0907,2024-02-26,T-Shirt,Clothing,1911.15,1567.14,20,1,North
ORD0908,2024-12-27,Vacuum Cleaner,Home,396.7,317.36,20,2,West
ORD0909,2024-10-07,Air Purifier,Home,1715.32,1235.03,6,3,North
ORD0910,2024-09-28,Comics,Books,786.83,716.02,9,4,West
ORD0911,2024-02-16,Vacuum Cleaner,Home,1396.15,1158.8,20,3,West
ORD0912,2023-05-29,Headphones,Electronics,310.23,282.31,18,5,North
ORD0913,2024-11-24,Smartphone,Electronics,526.09,457.7,15,5,South
ORD0914,2024-04-21,Headphones,Electronics,1405.55,1026.05,6,5,West
ORD0915,2023-07-29,Mixer,Home,1613.45,1226.22,11,3,North
ORD0916,2023-10-21,Fiction Novel,Books,475.71,371.05,10,1,South
ORD0917,2024-02-16,T-Shirt,Clothing,319.06,229.72,20,4,North
ORD0918,2023-08-25,Science Book,Books,1170.39,842.68,14,4,North
ORD0919,2023-09-23,Blender,Home,1130.26,802.48,10,5,South
ORD0920,2024-09-03,Comics,Books,528.63,502.2,7,1,West
ORD0921,2023-05-05,Mixer,Home,167.79,134.23,3,2,South
ORD0922,2023-05-14,Sneakers,Clothing,130.55,112.27,13,5,North
ORD0923,2023-04-08,Mixer,Home,1840.54,1619.68,10,4,East
ORD0924,2023-08-12,Comics,Books,756.0,657.72,10,2,East
ORD0925,2024-11-21,T-Shirt,Clothing,1040.21,852.97,15,2,South
ORD0926,2023-05-31,Biography,Books,1495.59,1375.94,4,4,East
ORD0927,2023-12-24,Vacuum Cleaner,Home,1675.94,1558.62,7,2,North
ORD0928,2024-06-21,Mixer,Home,1836.98,1690.02,18,5,East
ORD0929,2024-06-22,Smartwatch,Electronics,1289.07,1005.47,15,1,North
ORD0930,2023-11-06,Comics,Books,1373.77,1126.49,6,4,West
ORD0931,2024-07-02,Smartwatch,Electronics,476.41,428.77,20,5,West
ORD0932,2023-10-02,Mixer,Home,1402.44,1318.29,19,2,East
ORD0933,2023-05-01,Jacket,Clothing,612.88,441.27,2,2,East
ORD0934,2023-10-29,Jacket,Clothing,1388.01,1276.97,11,1,South
ORD0935,2023-02-19,Vacuum Cleaner,Home,1427.68,1270.64,5,5,East
ORD0936,2024-09-02,Vacuum Cleaner,Home,1092.65,852.27,6,5,North
ORD0937,2024-12-14,Smartphone,Electronics,1809.98,1447.98,8,3,North
ORD0938,2023-08-21,T-Shirt,Clothing,512.88,410.3,11,3,South
ORD0939,2023-12-03,Mixer,Home,1947.66,1694.46,15,4,South
ORD0940,2023-09-14,Biography,Books,213.64,166.64,6,5,East
ORD0941,2023-06-19,Laptop,Electronics,175.69,145.82,2,5,North
ORD0942,2024-01-09,Smartwatch,Electronics,754.31,618.53,20,4,West
ORD0943,2024-01-15,Mixer,Home,1939.69,1823.31,1,4,East
ORD0944,2023-11-15,Laptop,Electronics,169.04,118.33,5,4,East
ORD0945,2024-09-16,Vacuum Cleaner,Home,260.08,187.26,1,2,South
ORD0946,2023-08-07,Smartwatch,Electronics,1335.15,1054.77,1,2,North
ORD0947,2023-06-13,Vacuum Cleaner,Home,1114.39,813.5,7,3,North
ORD0948,2024-06-24,Biography,Books,1161.27,847.73,7,5,West
ORD0949,2024-05-05,Headphones,Electronics,196.59,153.34,4,5,South
ORD0950,2024-05-18,Blender,Home,1256.0,942.0,7,4,North
ORD0951,2023-05-05,Comics,Books,1704.11,1499.62,16,4,North
ORD0952,2023-12-25,Laptop,Electronics,1315.82,1105.29,20,4,North
ORD0953,2024-12-30,Jeans,Clothing,1741.06,1445.08,14,3,North
ORD0954,2024-07-21,Vacuum Cleaner,Home,1996.17,1776.59,4,5,South
ORD0955,2024-03-31,T-Shirt,Clothing,116.92,98.21,1,3,West
ORD0956,2024-09-25,Laptop,Electronics,892.02,704.7,17,5,West
ORD0957,2024-06-05,Laptop,Electronics,815.22,644.02,16,4,West
ORD0958,2023-04-09,Headphones,Electronics,396.9,345.3,6,4,South
ORD0959,2023-06-06,Jeans,Clothing,1940.0,1571.4,8,3,West
ORD0960,2023-07-09,Headphones,Electronics,1169.88,889.11,10,4,South
ORD0961,2024-01-07,Smartphone,Electronics,230.79,186.94,13,4,South
ORD0962,2023-04-18,Headphones,Electronics,1485.2,1099.05,9,2,West
ORD0963,2023-07-07,Laptop,Electronics,227.14,181.71,11,3,South
ORD0964,2024-12-07,Vacuum Cleaner,Home,1337.31,1136.71,8,4,West
ORD0965,2023-12-16,Fiction Novel,Books,1010.63,717.55,19,5,East
ORD0966,2023-01-25,T-Shirt,Clothing,481.67,351.62,17,5,East
ORD0967,2023-06-13,Sneakers,Clothing,235.62,190.85,17,2,East
ORD0968,2023-09-29,Air Purifier,Home,1097.99,1010.15,20,5,East
ORD0969,2023-07-25,T-Shirt,Clothing,832.48,641.01,19,2,South
ORD0970,2023-02-28,Vacuum Cleaner,Home,131.96,122.72,17,5,East
ORD0971,2024-01-08,T-Shirt,Clothing,451.4,406.26,19,5,South
ORD0972,2024-01-20,Vacuum Cleaner,Home,1470.89,1162.0,7,5,East
ORD0973,2023-06-26,Jeans,Clothing,728.23,611.71,8,4,North
ORD0974,2024-01-13,Jeans,Clothing,360.92,324.83,2,2,South
ORD0975,2024-06-12,Mixer,Home,1633.87,1535.84,10,5,East
ORD0976,2024-09-06,Vacuum Cleaner,Home,723.68,593.42,18,4,South
ORD0977,2024-06-17,Biography,Books,289.37,245.96,2,1,West
ORD0978,2023-09-08,Sneakers,Clothing,1965.62,1769.06,14,2,East
ORD0979,2024-04-30,Smartphone,Electronics,1221.89,1050.83,20,4,East
ORD0980,2023-02-06,Laptop,Electronics,1911.06,1547.96,10,5,North
ORD0981,2024-11-18,Comics,Books,1654.45,1290.47,7,3,North
ORD0982,2024-08-21,Biography,Books,621.81,578.28,20,3,North
ORD0983,2023-01-14,Jacket,Clothing,115.91,98.52,10,2,West
ORD0984,2023-07-13,Headphones,Electronics,296.99,240.56,13,4,East
ORD0985,2023-03-02,Comics,Books,848.01,652.97,12,5,West
ORD0986,2023-09-19,Sneakers,Clothing,1932.93,1430.37,17,3,East
ORD0987,2023-08-28,Fiction Novel,Books,181.48,128.85,10,4,East
ORD0988,2024-10-17,Blender,Home,757.6,568.2,15,2,North
ORD0989,2024-04-20,Laptop,Electronics,448.07,394.3,9,5,South
ORD0990,2023-09-20,Headphones,Electronics,200.69,172.59,7,2,East
ORD0991,2023-02-20,Mixer,Home,1772.56,1400.32,20,2,West
ORD0992,2023-03-13,Science Book,Books,1949.28,1637.4,15,3,South
ORD0993,2024-05-29,Comics,Books,1249.49,1012.09,18,1,North
ORD0994,2024-01-30,Fiction Novel,Books,888.04,772.59,17,5,East
ORD0995,2023-09-27,T-Shirt,Clothing,657.43,493.07,15,4,West
ORD0996,2024-04-27,Laptop,Electronics,974.99,711.74,5,2,East
ORD0997,2023-03-01,Laptop,Electronics,1364.28,1132.35,18,1,South
ORD0998,2024-07-29,Headphones,Electronics,1586.07,1411.6,15,4,East
ORD0999,2024-03-14,Mixer,Home,202.59,141.81,14,5,North
ORD1000,2023-12-06,Headphones,Electronics,327.45,242.31,14,1,East
